,mean_fit_time,std_fit_time,mean_score_time,std_score_time,param_max_depth,param_min_samples_leaf,param_min_samples_split,param_n_estimators,params,split0_test_score,split1_test_score,split2_test_score,split3_test_score,split4_test_score,mean_test_score,std_test_score,rank_test_score,split0_train_score,split1_train_score,split2_train_score,split3_train_score,split4_train_score,mean_train_score,std_train_score
0,0.1966066837310791,0.008684449255135885,0.01938018798828125,0.008505604401222201,5,1,2,50,"{'max_depth': 5, 'min_samples_leaf': 1, 'min_samples_split': 2, 'n_estimators': 50}",0.9238095238095239,0.9714285714285714,0.9760765550239234,0.9330143540669856,0.9569377990430622,0.9522533606744131,0.020670599846872716,103,0.94026284348865,0.956989247311828,0.9713603818615751,0.9403341288782816,0.9761336515513126,0.9570160506183294,0.015034624602809452
1,0.40375332832336425,0.017642328181787476,0.025513124465942384,0.01981576009704552,5,1,2,100,"{'max_depth': 5, 'min_samples_leaf': 1, 'min_samples_split': 2, 'n_estimators': 100}",0.9142857142857143,0.9666666666666667,0.9712918660287081,0.9473684210526315,0.9569377990430622,0.9513100934153564,0.02026380063254281,107,0.937873357228196,0.9689366786140979,0.9713603818615751,0.951073985680191,0.9785202863961814,0.9615529379560483,0.014893807299685652
2,0.75187668800354,0.0671062986096922,0.046741819381713866,0.01719914791399044,5,1,2,150,"{'max_depth': 5, 'min_samples_leaf': 1, 'min_samples_split': 2, 'n_estimators': 150}",0.9380952380952381,0.9761904761904762,0.9712918660287081,0.9473684210526315,0.9569377990430622,0.9579767600820231,0.014268305536150926,99,0.959378733572282,0.973715651135006,0.9713603818615751,0.9570405727923628,0.977326968973747,0.9677644616669946,0.008063635314119322
3,0.9698894023895264,0.02865903510850738,0.036835002899169925,0.006060450835677693,5,1,2,200,"{'max_depth': 5, 'min_samples_leaf': 1, 'min_samples_split': 2, 'n_estimators': 200}",0.9523809523809523,0.9761904761904762,0.9712918660287081,0.9617224880382775,0.9569377990430622,0.9637047163362953,0.00884767843433065,94,0.965352449223417,0.9689366786140979,0.9713603818615751,0.9522673031026253,0.977326968973747,0.9670487563550925,0.008356612205174002
4,1.231161642074585,0.06480418524218466,0.05089240074157715,0.02121462319537752,5,1,2,250,"{'max_depth': 5, 'min_samples_leaf': 1, 'min_samples_split': 2, 'n_estimators': 250}",0.9476190476190476,0.9761904761904762,0.9712918660287081,0.9617224880382775,0.9569377990430622,0.9627523353839142,0.010172443452376867,95,0.965352449223417,0.967741935483871,0.9701670644391408,0.9582338902147971,0.9785202863961814,0.9680031251514813,0.006600387383387655
5,0.267010498046875,0.10035519160113697,0.010801362991333007,0.0007488517900997313,5,1,5,50,"{'max_depth': 5, 'min_samples_leaf': 1, 'min_samples_split': 5, 'n_estimators': 50}",0.919047619047619,0.9761904761904762,0.9760765550239234,0.9330143540669856,0.9569377990430622,0.9522533606744131,0.022957502927363874,103,0.94026284348865,0.9581839904420549,0.9689737470167065,0.9367541766109785,0.977326968973747,0.9563003453064273,0.015783132185851614
6,0.3073152542114258,0.017607165353076413,0.021622419357299805,0.007056943268911108,5,1,5,100,"{'max_depth': 5, 'min_samples_leaf': 1, 'min_samples_split': 5, 'n_estimators': 100}",0.9142857142857143,0.9666666666666667,0.9712918660287081,0.9473684210526315,0.9569377990430622,0.9513100934153564,0.02026380063254281,107,0.9354838709677419,0.970131421744325,0.9701670644391408,0.951073985680191,0.9797136038186157,0.9613139893300028,0.015916799652915915
7,0.4484991550445557,0.021730315723408156,0.020595216751098634,0.002873937354311441,5,1,5,150,"{'max_depth': 5, 'min_samples_leaf': 1, 'min_samples_split': 5, 'n_estimators': 150}",0.9380952380952381,0.9809523809523809,0.9712918660287081,0.9473684210526315,0.9569377990430622,0.9589291410344041,0.015553310045592116,98,0.9581839904420549,0.9713261648745519,0.9677804295942721,0.9570405727923628,0.977326968973747,0.9663316253353977,0.007754349133573359
8,0.6283149242401123,0.01234677336835333,0.024470710754394533,0.00337156417157834,5,1,5,200,"{'max_depth': 5, 'min_samples_leaf': 1, 'min_samples_split': 5, 'n_estimators': 200}",0.9666666666666667,0.9809523809523809,0.9712918660287081,0.9617224880382775,0.9569377990430622,0.967514240145819,0.00825806230693272,88,0.9629629629629629,0.967741935483871,0.9653937947494033,0.9558472553699284,0.9761336515513126,0.9656159200234956,0.006597832191640893
9,0.7658220291137695,0.043513416138262824,0.029065561294555665,0.0034293204646244826,5,1,5,250,"{'max_depth': 5, 'min_samples_leaf': 1, 'min_samples_split': 5, 'n_estimators': 250}",0.9523809523809523,0.9761904761904762,0.9712918660287081,0.9569377990430622,0.9569377990430622,0.9627477785372521,0.009259485506856263,96,0.966547192353644,0.966547192353644,0.9689737470167065,0.9594272076372315,0.9785202863961814,0.9680031251514813,0.0061536758004809965
10,0.1786349296569824,0.027048808509006886,0.013931941986083985,0.0056335285673021615,5,1,10,50,"{'max_depth': 5, 'min_samples_leaf': 1, 'min_samples_split': 10, 'n_estimators': 50}",0.9285714285714286,0.9809523809523809,0.9760765550239234,0.937799043062201,0.9569377990430622,0.9560674413305991,0.020543356426178407,100,0.9390681003584229,0.9689366786140979,0.9689737470167065,0.9522673031026253,0.977326968973747,0.9613145596131198,0.013783431379872061
11,0.35553436279296874,0.04508512134646767,0.014105844497680663,0.0006411625447354663,5,1,10,100,"{'max_depth': 5, 'min_samples_leaf': 1, 'min_samples_split': 10, 'n_estimators': 100}",0.9095238095238095,0.9809523809523809,0.9712918660287081,0.9473684210526315,0.9569377990430622,0.9532148553201184,0.024710715209165027,101,0.9330943847072879,0.9689366786140979,0.9677804295942721,0.9522673031026253,0.9785202863961814,0.9601198164828929,0.01591876423066759
12,0.4167640209197998,0.00641170606070209,0.020713949203491212,0.0030849721273755702,5,1,10,150,"{'max_depth': 5, 'min_samples_leaf': 1, 'min_samples_split': 10, 'n_estimators': 150}",0.9428571428571428,0.9809523809523809,0.9712918660287081,0.9569377990430622,0.9569377990430622,0.9617953975848712,0.013137906560536415,97,0.956989247311828,0.972520908004779,0.964200477326969,0.9606205250596659,0.9785202863961814,0.9665702888198847,0.007887006560801154
13,0.6057987213134766,0.01562618489642942,0.025926733016967775,0.0033071329872394763,5,1,10,200,"{'max_depth': 5, 'min_samples_leaf': 1, 'min_samples_split': 10, 'n_estimators': 200}",0.9571428571428572,0.9809523809523809,0.9712918660287081,0.9665071770334929,0.9569377990430622,0.9665664160401002,0.009064249564939912,91,0.9629629629629629,0.9713261648745519,0.9653937947494033,0.9582338902147971,0.977326968973747,0.9670487563550925,0.006649396196759747
14,0.755193567276001,0.02441613750496679,0.027434253692626955,0.0016702448747401926,5,1,10,250,"{'max_depth': 5, 'min_samples_leaf': 1, 'min_samples_split': 10, 'n_estimators': 250}",0.9571428571428572,0.9809523809523809,0.9712918660287081,0.9617224880382775,0.9569377990430622,0.9656094782410571,0.009270216613955884,93,0.966547192353644,0.9689366786140979,0.9665871121718377,0.9606205250596659,0.9785202863961814,0.9682423589190854,0.005827926834180151
15,0.17911334037780763,0.00973569429552786,0.011538219451904298,0.0014573068832810156,5,2,2,50,"{'max_depth': 5, 'min_samples_leaf': 2, 'min_samples_split': 2, 'n_estimators': 50}",0.8952380952380953,0.9619047619047619,0.9234449760765551,0.9234449760765551,0.9569377990430622,0.9321941216678059,0.02455123092624025,126,0.918757467144564,0.953405017921147,0.9355608591885441,0.9367541766109785,0.9713603818615751,0.9431675805453617,0.017857697310371474
16,0.3694925785064697,0.005480303867217923,0.016797208786010744,0.0030071734289509387,5,2,2,100,"{'max_depth': 5, 'min_samples_leaf': 2, 'min_samples_split': 2, 'n_estimators': 100}",0.8857142857142857,0.9523809523809523,0.937799043062201,0.9330143540669856,0.9521531100478469,0.9322123490544542,0.024488081858323997,125,0.910394265232975,0.951015531660693,0.9343675417661098,0.9486873508353222,0.9737470167064439,0.9436423412403088,0.02086894346720212
17,0.461492919921875,0.03793225857321986,0.019789409637451173,0.0009481130862690555,5,2,2,150,"{'max_depth': 5, 'min_samples_leaf': 2, 'min_samples_split': 2, 'n_estimators': 150}",0.9142857142857143,0.9571428571428572,0.9712918660287081,0.9425837320574163,0.9569377990430622,0.9484483937115517,0.019344099082747177,112,0.929510155316607,0.953405017921147,0.9606205250596659,0.9522673031026253,0.9725536992840096,0.9536713401368109,0.014075793103678434
18,0.5500909328460694,0.010470837981473828,0.023685503005981445,0.001556378598496102,5,2,2,200,"{'max_depth': 5, 'min_samples_leaf': 2, 'min_samples_split': 2, 'n_estimators': 200}",0.9285714285714286,0.9523809523809523,0.9665071770334929,0.937799043062201,0.9569377990430622,0.9484392800182274,0.01358054986204346,113,0.9474313022700119,0.951015531660693,0.9582338902147971,0.9403341288782816,0.9737470167064439,0.9541523739460454,0.011371589868703987
19,0.7747194766998291,0.061266399050383565,0.032266664505004886,0.0038058640264726244,5,2,2,250,"{'max_depth': 5, 'min_samples_leaf': 2, 'min_samples_split': 2, 'n_estimators': 250}",0.9333333333333333,0.9666666666666667,0.9665071770334929,0.9425837320574163,0.9521531100478469,0.9522488038277512,0.013133116682390521,105,0.9498207885304659,0.959378733572282,0.9594272076372315,0.931980906921241,0.9737470167064439,0.9548709306735329,0.013761131448477829
20,0.1755338191986084,0.014051371210226496,0.010860729217529296,0.0026569569717692252,5,2,5,50,"{'max_depth': 5, 'min_samples_leaf': 2, 'min_samples_split': 5, 'n_estimators': 50}",0.8952380952380953,0.9619047619047619,0.9234449760765551,0.9234449760765551,0.9569377990430622,0.9321941216678059,0.02455123092624025,126,0.918757467144564,0.954599761051374,0.9367541766109785,0.9391408114558473,0.9713603818615751,0.9441225196248677,0.01774355944851726
21,0.3347421646118164,0.017714056975075405,0.02174067497253418,0.009339004652488322,5,2,5,100,"{'max_depth': 5, 'min_samples_leaf': 2, 'min_samples_split': 5, 'n_estimators': 100}",0.8857142857142857,0.9523809523809523,0.9330143540669856,0.9330143540669856,0.9521531100478469,0.9312554112554112,0.024344133493914427,130,0.9115890083632019,0.9522102747909199,0.9307875894988067,0.9486873508353222,0.9737470167064439,0.9434042480389389,0.020964400497349617
22,0.47574644088745116,0.02792072761114552,0.025272083282470704,0.010343460277893929,5,2,5,150,"{'max_depth': 5, 'min_samples_leaf': 2, 'min_samples_split': 5, 'n_estimators': 150}",0.9142857142857143,0.9571428571428572,0.9712918660287081,0.9473684210526315,0.9569377990430622,0.9494053315105946,0.019147659290294695,109,0.929510155316607,0.954599761051374,0.9594272076372315,0.9522673031026253,0.9713603818615751,0.9534329617938827,0.013655359562860134
23,0.6426735877990722,0.021355849784463598,0.02567014694213867,0.007146446988598909,5,2,5,200,"{'max_depth': 5, 'min_samples_leaf': 2, 'min_samples_split': 5, 'n_estimators': 200}",0.9333333333333333,0.9523809523809523,0.9665071770334929,0.937799043062201,0.9569377990430622,0.9493916609706083,0.012256260681951486,110,0.9474313022700119,0.9498207885304659,0.9582338902147971,0.9391408114558473,0.9737470167064439,0.9536747618355133,0.011736700374492414
24,0.7424880027770996,0.042534625822325575,0.028803491592407228,0.001550433828190136,5,2,5,250,"{'max_depth': 5, 'min_samples_leaf': 2, 'min_samples_split': 5, 'n_estimators': 250}",0.9333333333333333,0.9666666666666667,0.9665071770334929,0.9425837320574163,0.9521531100478469,0.9522488038277512,0.013133116682390521,105,0.9498207885304659,0.959378733572282,0.9606205250596659,0.9284009546539379,0.9737470167064439,0.9543936037045592,0.015064588328045662
25,0.1452253818511963,0.0067312805703144156,0.010595607757568359,0.0012224136452977585,5,2,10,50,"{'max_depth': 5, 'min_samples_leaf': 2, 'min_samples_split': 10, 'n_estimators': 50}",0.8904761904761904,0.9666666666666667,0.9330143540669856,0.9234449760765551,0.9569377990430622,0.9341079972658919,0.02683243351766081,119,0.9175627240143369,0.953405017921147,0.9379474940334129,0.9427207637231504,0.9701670644391408,0.9443606128262376,0.017376525837328387
26,0.2916889667510986,0.014485449123561747,0.015094232559204102,0.0016040229716281062,5,2,10,100,"{'max_depth': 5, 'min_samples_leaf': 2, 'min_samples_split': 10, 'n_estimators': 100}",0.8857142857142857,0.9523809523809523,0.937799043062201,0.9330143540669856,0.9569377990430622,0.9331692868534972,0.025327716217169057,120,0.9127837514934289,0.9522102747909199,0.9307875894988067,0.9522673031026253,0.9713603818615751,0.9438818601494712,0.020165810597637435
27,0.414255952835083,0.0029576513985040947,0.018216419219970702,0.0014792544922415368,5,2,10,150,"{'max_depth': 5, 'min_samples_leaf': 2, 'min_samples_split': 10, 'n_estimators': 150}",0.9095238095238095,0.9571428571428572,0.9712918660287081,0.9473684210526315,0.9569377990430622,0.9484529505582137,0.020908263514955346,111,0.929510155316607,0.953405017921147,0.9606205250596659,0.9522673031026253,0.9701670644391408,0.9531940131678371,0.013454114505280071
28,0.5811165332794189,0.030139141060924916,0.024593067169189454,0.0018403074398741308,5,2,10,200,"{'max_depth': 5, 'min_samples_leaf': 2, 'min_samples_split': 10, 'n_estimators': 200}",0.919047619047619,0.9523809523809523,0.9665071770334929,0.937799043062201,0.9569377990430622,0.9465345181134655,0.016571990204602472,114,0.9354838709677419,0.955794504181601,0.9594272076372315,0.9403341288782816,0.9701670644391408,0.9522413552207996,0.01271367540196256
29,0.8474932670593261,0.039174718241416405,0.03229813575744629,0.004028565816889409,5,2,10,250,"{'max_depth': 5, 'min_samples_leaf': 2, 'min_samples_split': 10, 'n_estimators': 250}",0.9333333333333333,0.9666666666666667,0.9665071770334929,0.9473684210526315,0.9521531100478469,0.9532057416267943,0.012555633340586164,102,0.9498207885304659,0.9605734767025089,0.9594272076372315,0.9307875894988067,0.9737470167064439,0.9548712158150915,0.014248484637331055
30,0.16115121841430663,0.012678152832460309,0.011273908615112304,0.0017411989584295174,5,4,2,50,"{'max_depth': 5, 'min_samples_leaf': 4, 'min_samples_split': 2, 'n_estimators': 50}",0.8285714285714286,0.9619047619047619,0.9330143540669856,0.9043062200956937,0.8660287081339713,0.8987650945545683,0.04730571885625619,172,0.8817204301075269,0.9414575866188769,0.931980906921241,0.9093078758949881,0.9212410501193318,0.917141569932393,0.02070895572612705
31,0.3114919662475586,0.011263180623287395,0.016840171813964844,0.004660262114550803,5,4,2,100,"{'max_depth': 5, 'min_samples_leaf': 4, 'min_samples_split': 2, 'n_estimators': 100}",0.8333333333333334,0.9142857142857143,0.9234449760765551,0.8947368421052632,0.9234449760765551,0.8978491683754843,0.033918815814228606,175,0.8721624850657109,0.9151732377538829,0.9116945107398569,0.8794749403341289,0.9534606205250596,0.9063931588837277,0.029040900749619694
32,0.5114432334899902,0.013896020923180227,0.02497377395629883,0.00814491967926949,5,4,2,150,"{'max_depth': 5, 'min_samples_leaf': 4, 'min_samples_split': 2, 'n_estimators': 150}",0.8476190476190476,0.9285714285714286,0.9282296650717703,0.8995215311004785,0.9043062200956937,0.9016495784916836,0.029536999207811936,169,0.8888888888888888,0.9199522102747909,0.9069212410501193,0.8806682577565632,0.9391408114558473,0.9071142818852419,0.021081296964476564
33,0.616584587097168,0.01952606537681488,0.031397342681884766,0.01603130395956661,5,4,2,200,"{'max_depth': 5, 'min_samples_leaf': 4, 'min_samples_split': 2, 'n_estimators': 200}",0.8428571428571429,0.9238095238095239,0.9234449760765551,0.8995215311004785,0.8947368421052632,0.8968740031897926,0.02953281880532609,177,0.8805256869772998,0.9139784946236559,0.9236276849642004,0.8747016706443914,0.931980906921241,0.9049628888261576,0.023119460307728264
34,0.8261777877807617,0.021135818247676488,0.030774974822998048,0.006085549870689985,5,4,2,250,"{'max_depth': 5, 'min_samples_leaf': 4, 'min_samples_split': 2, 'n_estimators': 250}",0.861904761904762,0.9285714285714286,0.937799043062201,0.8995215311004785,0.9090909090909091,0.9073775347459557,0.02648423991173355,167,0.9008363201911589,0.9223416965352449,0.9391408114558473,0.8818615751789977,0.9439140811455847,0.9176188969013668,0.02339733016692507
35,0.16756181716918944,0.012827532852323086,0.01231989860534668,0.004912319792608478,5,4,5,50,"{'max_depth': 5, 'min_samples_leaf': 4, 'min_samples_split': 5, 'n_estimators': 50}",0.8285714285714286,0.9619047619047619,0.9330143540669856,0.9043062200956937,0.8660287081339713,0.8987650945545683,0.04730571885625619,172,0.8817204301075269,0.9414575866188769,0.931980906921241,0.9093078758949881,0.9212410501193318,0.917141569932393,0.02070895572612705
36,0.32562961578369143,0.02227858417130068,0.016449880599975587,0.002638243366314788,5,4,5,100,"{'max_depth': 5, 'min_samples_leaf': 4, 'min_samples_split': 5, 'n_estimators': 100}",0.8333333333333334,0.9142857142857143,0.9234449760765551,0.8947368421052632,0.9234449760765551,0.8978491683754843,0.033918815814228606,175,0.8721624850657109,0.9151732377538829,0.9116945107398569,0.8794749403341289,0.9534606205250596,0.9063931588837277,0.029040900749619694
37,0.4800888538360596,0.03101542591702657,0.020614433288574218,0.0029926990998863797,5,4,5,150,"{'max_depth': 5, 'min_samples_leaf': 4, 'min_samples_split': 5, 'n_estimators': 150}",0.8476190476190476,0.9285714285714286,0.9282296650717703,0.8995215311004785,0.9043062200956937,0.9016495784916836,0.029536999207811936,169,0.8888888888888888,0.9199522102747909,0.9069212410501193,0.8806682577565632,0.9391408114558473,0.9071142818852419,0.021081296964476564
38,0.6378638267517089,0.037302341492261006,0.026750612258911132,0.004608628606524221,5,4,5,200,"{'max_depth': 5, 'min_samples_leaf': 4, 'min_samples_split': 5, 'n_estimators': 200}",0.8428571428571429,0.9238095238095239,0.9234449760765551,0.8995215311004785,0.8947368421052632,0.8968740031897926,0.02953281880532609,177,0.8805256869772998,0.9139784946236559,0.9236276849642004,0.8747016706443914,0.931980906921241,0.9049628888261576,0.023119460307728264
39,0.6882478713989257,0.018646723486305757,0.027398204803466795,0.002883350674852014,5,4,5,250,"{'max_depth': 5, 'min_samples_leaf': 4, 'min_samples_split': 5, 'n_estimators': 250}",0.861904761904762,0.9285714285714286,0.937799043062201,0.8995215311004785,0.9090909090909091,0.9073775347459557,0.02648423991173355,167,0.9008363201911589,0.9223416965352449,0.9391408114558473,0.8818615751789977,0.9439140811455847,0.9176188969013668,0.02339733016692507
40,0.134896183013916,0.004217897483968301,0.011392021179199218,0.0019736507404896535,5,4,10,50,"{'max_depth': 5, 'min_samples_leaf': 4, 'min_samples_split': 10, 'n_estimators': 50}",0.8333333333333334,0.9619047619047619,0.9330143540669856,0.8995215311004785,0.8660287081339713,0.8987605377079062,0.04585452613441142,174,0.8853046594982079,0.9414575866188769,0.931980906921241,0.8973747016706444,0.9212410501193318,0.9154717809656605,0.02106493436245933
41,0.27129402160644533,0.006253558644009377,0.014332151412963868,0.0013551014513806556,5,4,10,100,"{'max_depth': 5, 'min_samples_leaf': 4, 'min_samples_split': 10, 'n_estimators': 100}",0.8333333333333334,0.9142857142857143,0.9234449760765551,0.8947368421052632,0.9138755980861244,0.8959352927773981,0.032667466414073094,180,0.8721624850657109,0.918757467144564,0.9116945107398569,0.8794749403341289,0.9474940334128878,0.9059166873394296,0.02744250983999106
42,0.3743795394897461,0.004907489276932482,0.01706528663635254,0.0009147021056278726,5,4,10,150,"{'max_depth': 5, 'min_samples_leaf': 4, 'min_samples_split': 10, 'n_estimators': 150}",0.8476190476190476,0.9333333333333333,0.9282296650717703,0.8995215311004785,0.8995215311004785,0.9016450216450215,0.030458879353724464,171,0.8912783751493429,0.9235364396654719,0.9069212410501193,0.8806682577565632,0.9331742243436754,0.9071157075930344,0.019488526142626538
43,0.5537125110626221,0.039793380451035254,0.02371535301208496,0.002210120422208694,5,4,10,200,"{'max_depth': 5, 'min_samples_leaf': 4, 'min_samples_split': 10, 'n_estimators': 200}",0.8428571428571429,0.9285714285714286,0.9234449760765551,0.8995215311004785,0.8899521531100478,0.8968694463431305,0.030605508931924343,179,0.8841099163679809,0.9175627240143369,0.9200477326968973,0.8723150357995226,0.9295942720763724,0.9047259361910222,0.022331419287750533
44,0.7626200199127198,0.05101938761947111,0.03396825790405274,0.006367615657915574,5,4,10,250,"{'max_depth': 5, 'min_samples_leaf': 4, 'min_samples_split': 10, 'n_estimators': 250}",0.8666666666666667,0.9285714285714286,0.9425837320574163,0.9090909090909091,0.9043062200956937,0.9102437912964229,0.025757809443543774,166,0.9020310633213859,0.9247311827956989,0.9427207637231504,0.8806682577565632,0.9403341288782816,0.918097079295016,0.023680612700118286
45,0.20412373542785645,0.03277964555664308,0.012743282318115234,0.00229662522136397,10,1,2,50,"{'max_depth': 10, 'min_samples_leaf': 1, 'min_samples_split': 2, 'n_estimators': 50}",0.9857142857142858,0.9857142857142858,0.9808612440191388,0.9665071770334929,0.9617224880382775,0.9761038961038961,0.010062538953760277,24,0.983273596176822,0.980884109916368,0.9844868735083532,0.9856801909307876,0.9856801909307876,0.9840009922926237,0.001795525413093272
46,0.39266257286071776,0.043632143030709045,0.020961427688598634,0.009146967426433708,10,1,2,100,"{'max_depth': 10, 'min_samples_leaf': 1, 'min_samples_split': 2, 'n_estimators': 100}",0.9761904761904762,0.9857142857142858,0.9808612440191388,0.9665071770334929,0.9617224880382775,0.9741991341991343,0.00889697441896357,36,0.983273596176822,0.9796893667861409,0.9844868735083532,0.9856801909307876,0.9856801909307876,0.9837620436665782,0.00222302649901494
47,0.6393896102905273,0.037755324645576814,0.02482571601867676,0.005353000573860474,10,1,2,150,"{'max_depth': 10, 'min_samples_leaf': 1, 'min_samples_split': 2, 'n_estimators': 150}",0.9809523809523809,0.9857142857142858,0.9808612440191388,0.9665071770334929,0.9617224880382775,0.9751515151515152,0.009304692584389082,31,0.984468339307049,0.978494623655914,0.9832935560859188,0.9856801909307876,0.9844868735083532,0.9832847166976044,0.0025111555015131784
48,0.7913438320159912,0.01604482307975338,0.03214859962463379,0.005973911389307211,10,1,2,200,"{'max_depth': 10, 'min_samples_leaf': 1, 'min_samples_split': 2, 'n_estimators': 200}",0.9857142857142858,0.9857142857142858,0.9808612440191388,0.9665071770334929,0.9617224880382775,0.9761038961038961,0.010062538953760277,24,0.984468339307049,0.9796893667861409,0.9821002386634845,0.9844868735083532,0.9844868735083532,0.983046338354676,0.0019150317231907495
49,0.8803786277770996,0.020341334959882905,0.03393135070800781,0.0023630644340470043,10,1,2,250,"{'max_depth': 10, 'min_samples_leaf': 1, 'min_samples_split': 2, 'n_estimators': 250}",0.9857142857142858,0.9857142857142858,0.9808612440191388,0.9665071770334929,0.9617224880382775,0.9761038961038961,0.010062538953760277,24,0.983273596176822,0.982078853046595,0.9821002386634845,0.9832935560859188,0.9832935560859188,0.9828079600117479,0.0005866669593811348
50,0.18855562210083007,0.009166149652327928,0.012673664093017577,0.0018538353981059652,10,1,5,50,"{'max_depth': 10, 'min_samples_leaf': 1, 'min_samples_split': 5, 'n_estimators': 50}",0.9809523809523809,0.9857142857142858,0.9760765550239234,0.9665071770334929,0.9617224880382775,0.9741945773524721,0.008905757303200102,38,0.977299880525687,0.97610513739546,0.9785202863961814,0.9797136038186157,0.9809069212410502,0.9785091658753988,0.001699514589989596
51,0.33951773643493655,0.012460262261065417,0.018628835678100586,0.006310109684490266,10,1,5,100,"{'max_depth': 10, 'min_samples_leaf': 1, 'min_samples_split': 5, 'n_estimators': 100}",0.9857142857142858,0.9857142857142858,0.9808612440191388,0.9665071770334929,0.9617224880382775,0.9761038961038961,0.010062538953760277,24,0.977299880525687,0.974910394265233,0.9749403341288783,0.9797136038186157,0.9797136038186157,0.977315563311406,0.0021414011445035483
52,0.5294166088104248,0.017306901217978343,0.02081151008605957,0.0029785283459231493,10,1,5,150,"{'max_depth': 10, 'min_samples_leaf': 1, 'min_samples_split': 5, 'n_estimators': 150}",0.9857142857142858,0.9857142857142858,0.9808612440191388,0.9712918660287081,0.9617224880382775,0.9770608339029392,0.009303261984398811,1,0.977299880525687,0.974910394265233,0.9749403341288783,0.9809069212410502,0.9797136038186157,0.9775542267958928,0.002440919765943485
53,0.7286628246307373,0.01801352048686917,0.031041574478149415,0.004120191230672865,10,1,5,200,"{'max_depth': 10, 'min_samples_leaf': 1, 'min_samples_split': 5, 'n_estimators': 200}",0.9857142857142858,0.9857142857142858,0.9808612440191388,0.9712918660287081,0.9617224880382775,0.9770608339029392,0.009303261984398811,1,0.978494623655914,0.97610513739546,0.9749403341288783,0.9797136038186157,0.9797136038186157,0.9777934605634968,0.0019419729912732713
54,0.892574405670166,0.03119972657791594,0.030817365646362303,0.001739921870755056,10,1,5,250,"{'max_depth': 10, 'min_samples_leaf': 1, 'min_samples_split': 5, 'n_estimators': 250}",0.9809523809523809,0.9857142857142858,0.9808612440191388,0.9712918660287081,0.9617224880382775,0.9761084529505583,0.00858463954451474,4,0.977299880525687,0.977299880525687,0.9761336515513126,0.9785202863961814,0.9797136038186157,0.9777934605634966,0.001221264457487645
55,0.17518258094787598,0.018782812000322478,0.012864112854003906,0.0037307588600369365,10,1,10,50,"{'max_depth': 10, 'min_samples_leaf': 1, 'min_samples_split': 10, 'n_estimators': 50}",0.9809523809523809,0.9857142857142858,0.9760765550239234,0.9665071770334929,0.9617224880382775,0.9741945773524721,0.008905757303200102,38,0.974910394265233,0.978494623655914,0.977326968973747,0.9785202863961814,0.9797136038186157,0.9777931754219382,0.0016270550617829647
56,0.36565871238708497,0.020012525791049434,0.015203619003295898,0.0012196593982092443,10,1,10,100,"{'max_depth': 10, 'min_samples_leaf': 1, 'min_samples_split': 10, 'n_estimators': 100}",0.9809523809523809,0.9857142857142858,0.9760765550239234,0.9665071770334929,0.9617224880382775,0.9741945773524721,0.008905757303200102,38,0.977299880525687,0.974910394265233,0.9761336515513126,0.977326968973747,0.9797136038186157,0.977076899826919,0.0015904670111824863
57,0.5326068878173829,0.032334763168026324,0.024388504028320313,0.006649581720193677,10,1,10,150,"{'max_depth': 10, 'min_samples_leaf': 1, 'min_samples_split': 10, 'n_estimators': 150}",0.9857142857142858,0.9857142857142858,0.9760765550239234,0.9712918660287081,0.9617224880382775,0.9761038961038961,0.009107145061499547,24,0.977299880525687,0.974910394265233,0.9761336515513126,0.9797136038186157,0.9797136038186157,0.9775542267958928,0.0019182489282355583
58,0.7907466888427734,0.037811960686620655,0.03949594497680664,0.007370661482108209,10,1,10,200,"{'max_depth': 10, 'min_samples_leaf': 1, 'min_samples_split': 10, 'n_estimators': 200}",0.9857142857142858,0.9857142857142858,0.9808612440191388,0.9665071770334929,0.9617224880382775,0.9761038961038961,0.010062538953760277,24,0.97610513739546,0.974910394265233,0.9749403341288783,0.9797136038186157,0.9797136038186157,0.9770766146853604,0.002195786739516669
59,0.9742066860198975,0.025311882142815885,0.03233656883239746,0.0058268205270086484,10,1,10,250,"{'max_depth': 10, 'min_samples_leaf': 1, 'min_samples_split': 10, 'n_estimators': 250}",0.9809523809523809,0.9857142857142858,0.9808612440191388,0.9712918660287081,0.9617224880382775,0.9761084529505583,0.00858463954451474,4,0.97610513739546,0.97610513739546,0.9761336515513126,0.9797136038186157,0.9797136038186157,0.9775542267958928,0.0017631546987677982
60,0.19681296348571778,0.01455565003381353,0.009932231903076173,0.0017434488607394624,10,2,2,50,"{'max_depth': 10, 'min_samples_leaf': 2, 'min_samples_split': 2, 'n_estimators': 50}",0.9666666666666667,0.9857142857142858,0.9808612440191388,0.9665071770334929,0.9617224880382775,0.9722943722943723,0.00927806880434173,45,0.9713261648745519,0.973715651135006,0.977326968973747,0.9677804295942721,0.9797136038186157,0.9739725636792386,0.004233757951909869
61,0.34409804344177247,0.02071456069081345,0.015286064147949219,0.0013786388832035632,10,2,2,100,"{'max_depth': 10, 'min_samples_leaf': 2, 'min_samples_split': 2, 'n_estimators': 100}",0.9428571428571428,0.9857142857142858,0.9712918660287081,0.9712918660287081,0.9617224880382775,0.9665755297334245,0.01412015245174907,89,0.961768219832736,0.972520908004779,0.9737470167064439,0.9761336515513126,0.9797136038186157,0.9727766799827775,0.006026331188264561
62,0.49999151229858396,0.048032525987373564,0.023486900329589843,0.003467891972803544,10,2,2,150,"{'max_depth': 10, 'min_samples_leaf': 2, 'min_samples_split': 2, 'n_estimators': 150}",0.9571428571428572,0.9809523809523809,0.9712918660287081,0.9712918660287081,0.9617224880382775,0.9684802916381864,0.008313461895010307,77,0.9713261648745519,0.972520908004779,0.9725536992840096,0.9737470167064439,0.9797136038186157,0.9739722785376801,0.002971003867888228
63,0.8416617393493653,0.049884421405260206,0.0337003231048584,0.006416199206508122,10,2,2,200,"{'max_depth': 10, 'min_samples_leaf': 2, 'min_samples_split': 2, 'n_estimators': 200}",0.9571428571428572,0.9809523809523809,0.9712918660287081,0.9712918660287081,0.9617224880382775,0.9684802916381864,0.008313461895010307,77,0.972520908004779,0.972520908004779,0.9737470167064439,0.9737470167064439,0.9797136038186157,0.9744498906482123,0.0026883708067767177
64,0.8046807289123535,0.0784811903314728,0.029345178604125978,0.0044297748143783,10,2,2,250,"{'max_depth': 10, 'min_samples_leaf': 2, 'min_samples_split': 2, 'n_estimators': 250}",0.9571428571428572,0.9809523809523809,0.9760765550239234,0.9712918660287081,0.9665071770334929,0.9703941672362726,0.008188738400932833,59,0.972520908004779,0.9713261648745519,0.9737470167064439,0.9737470167064439,0.9809069212410502,0.9744496055066538,0.0033514159387950273
65,0.14686670303344726,0.003999217885489238,0.010402727127075195,0.001358195320861147,10,2,5,50,"{'max_depth': 10, 'min_samples_leaf': 2, 'min_samples_split': 5, 'n_estimators': 50}",0.9666666666666667,0.9857142857142858,0.9760765550239234,0.9569377990430622,0.9617224880382775,0.9694235588972433,0.010319411649616788,74,0.9713261648745519,0.973715651135006,0.9737470167064439,0.9677804295942721,0.9809069212410502,0.9734952367102648,0.004299044923479548
66,0.3180244445800781,0.010181928294376703,0.01441488265991211,0.0009555668482326536,10,2,5,100,"{'max_depth': 10, 'min_samples_leaf': 2, 'min_samples_split': 5, 'n_estimators': 100}",0.9571428571428572,0.9809523809523809,0.9760765550239234,0.9665071770334929,0.9665071770334929,0.9694372294372295,0.008306640270927082,67,0.9629629629629629,0.9713261648745519,0.9689737470167065,0.9737470167064439,0.9809069212410502,0.9715833625603431,0.005878735899667652
67,0.47762236595153806,0.00902537442504828,0.019622659683227538,0.0017957884556482442,10,2,5,150,"{'max_depth': 10, 'min_samples_leaf': 2, 'min_samples_split': 5, 'n_estimators': 150}",0.9571428571428572,0.9809523809523809,0.9712918660287081,0.9665071770334929,0.9617224880382775,0.9675233538391433,0.008209480182478938,82,0.970131421744325,0.972520908004779,0.9713603818615751,0.9725536992840096,0.9809069212410502,0.9734946664271475,0.003811606786099436
68,0.6526399612426758,0.011190820223225888,0.025435256958007812,0.00609875917694501,10,2,5,200,"{'max_depth': 10, 'min_samples_leaf': 2, 'min_samples_split': 5, 'n_estimators': 200}",0.9619047619047619,0.9809523809523809,0.9760765550239234,0.9712918660287081,0.9569377990430622,0.9694326725905673,0.008866710314784485,68,0.9713261648745519,0.972520908004779,0.9713603818615751,0.9713603818615751,0.977326968973747,0.9727789611152456,0.0023188927531765918
69,0.8392030239105225,0.05356546551362764,0.0326484203338623,0.0050210257617779195,10,2,5,250,"{'max_depth': 10, 'min_samples_leaf': 2, 'min_samples_split': 5, 'n_estimators': 250}",0.9666666666666667,0.9809523809523809,0.9760765550239234,0.9712918660287081,0.9569377990430622,0.9703850535429484,0.008240618436947898,60,0.970131421744325,0.970131421744325,0.9725536992840096,0.9713603818615751,0.9785202863961814,0.9725394422060832,0.0031227554779388713
70,0.15477967262268066,0.005113891197988687,0.012667465209960937,0.005773601961352131,10,2,10,50,"{'max_depth': 10, 'min_samples_leaf': 2, 'min_samples_split': 10, 'n_estimators': 50}",0.9571428571428572,0.9809523809523809,0.9760765550239234,0.9617224880382775,0.9617224880382775,0.9675233538391433,0.009257978391164132,82,0.953405017921147,0.9689366786140979,0.977326968973747,0.9701670644391408,0.9797136038186157,0.9699098667533497,0.00921466164946402
71,0.2972736358642578,0.004554630989186527,0.01326289176940918,0.002201690449809825,10,2,10,100,"{'max_depth': 10, 'min_samples_leaf': 2, 'min_samples_split': 10, 'n_estimators': 100}",0.9666666666666667,0.9809523809523809,0.9712918660287081,0.9712918660287081,0.9569377990430622,0.9694281157439052,0.00778960115971323,69,0.965352449223417,0.972520908004779,0.9665871121718377,0.9701670644391408,0.9785202863961814,0.9706295640470712,0.004695613805884171
72,0.44861950874328616,0.013299239155239439,0.022519445419311522,0.007260386786007155,10,2,10,150,"{'max_depth': 10, 'min_samples_leaf': 2, 'min_samples_split': 10, 'n_estimators': 150}",0.9666666666666667,0.9809523809523809,0.9712918660287081,0.9712918660287081,0.9665071770334929,0.9713419913419914,0.005245926110324248,51,0.970131421744325,0.973715651135006,0.9701670644391408,0.9737470167064439,0.9797136038186157,0.9734949515687064,0.0034977720498672107
73,0.5908768177032471,0.010709662657770149,0.03084726333618164,0.00595153806495576,10,2,10,200,"{'max_depth': 10, 'min_samples_leaf': 2, 'min_samples_split': 10, 'n_estimators': 200}",0.9666666666666667,0.9809523809523809,0.9712918660287081,0.9712918660287081,0.9617224880382775,0.9703850535429484,0.006358922368314001,60,0.9689366786140979,0.9713261648745519,0.9701670644391408,0.9725536992840096,0.9785202863961814,0.9723007787215963,0.0033336473373285877
74,0.8878097057342529,0.013766118336452809,0.03589496612548828,0.004346174293742718,10,2,10,250,"{'max_depth': 10, 'min_samples_leaf': 2, 'min_samples_split': 10, 'n_estimators': 250}",0.9666666666666667,0.9809523809523809,0.9712918660287081,0.9712918660287081,0.9617224880382775,0.9703850535429484,0.006358922368314001,60,0.972520908004779,0.970131421744325,0.9725536992840096,0.9749403341288783,0.9785202863961814,0.9737333299116345,0.0028357379748127154
75,0.17424993515014647,0.0043432551049830915,0.012910795211791993,0.0025757498395059474,10,4,2,50,"{'max_depth': 10, 'min_samples_leaf': 4, 'min_samples_split': 2, 'n_estimators': 50}",0.8761904761904762,0.9523809523809523,0.9282296650717703,0.9282296650717703,0.9138755980861244,0.9197812713602188,0.025062020332028895,160,0.9139784946236559,0.9438470728793309,0.9248210023866349,0.9248210023866349,0.9427207637231504,0.9300376671998813,0.011522888787267645
76,0.3709881782531738,0.030013523034055575,0.017805957794189455,0.0019641352470751074,10,4,2,100,"{'max_depth': 10, 'min_samples_leaf': 4, 'min_samples_split': 2, 'n_estimators': 100}",0.8809523809523809,0.9428571428571428,0.9282296650717703,0.9090909090909091,0.9425837320574163,0.9207427660059239,0.023414387164645323,158,0.9080047789725209,0.9438470728793309,0.9164677804295943,0.9009546539379475,0.9618138424821002,0.9262176257402986,0.022990750609812
77,0.4883148670196533,0.012181586761100816,0.021657371520996095,0.0044186884817738305,10,4,2,150,"{'max_depth': 10, 'min_samples_leaf': 4, 'min_samples_split': 2, 'n_estimators': 150}",0.8952380952380953,0.9523809523809523,0.9425837320574163,0.9090909090909091,0.937799043062201,0.9274185463659148,0.021597884181803886,136,0.927120669056153,0.9438470728793309,0.9212410501193318,0.905727923627685,0.9570405727923628,0.9309954576949728,0.017844454406184106
78,0.5869102478027344,0.030191991742761392,0.02816286087036133,0.013748044110391879,10,4,2,200,"{'max_depth': 10, 'min_samples_leaf': 4, 'min_samples_split': 2, 'n_estimators': 200}",0.8857142857142857,0.9285714285714286,0.9521531100478469,0.9186602870813397,0.9090909090909091,0.9188380041011619,0.02189453813355442,164,0.910394265232975,0.929510155316607,0.9439140811455847,0.8985680190930787,0.9427207637231504,0.9250214569022791,0.01791136083187798
79,0.7377493858337403,0.051004019081645216,0.026529645919799803,0.0012007917839921946,10,4,2,250,"{'max_depth': 10, 'min_samples_leaf': 4, 'min_samples_split': 2, 'n_estimators': 250}",0.8904761904761904,0.9523809523809523,0.9569377990430622,0.9234449760765551,0.9138755980861244,0.9274231032125769,0.02473235232034839,134,0.9139784946236559,0.942652329749104,0.9498806682577565,0.9009546539379475,0.9582338902147971,0.9331400073566523,0.02192486034849804
80,0.16130414009094238,0.027866416142085675,0.01266937255859375,0.002886381835718488,10,4,5,50,"{'max_depth': 10, 'min_samples_leaf': 4, 'min_samples_split': 5, 'n_estimators': 50}",0.8761904761904762,0.9523809523809523,0.9282296650717703,0.9282296650717703,0.9138755980861244,0.9197812713602188,0.025062020332028895,160,0.9139784946236559,0.9438470728793309,0.9248210023866349,0.9248210023866349,0.9427207637231504,0.9300376671998813,0.011522888787267645
81,0.3121764659881592,0.017422966946442648,0.022085857391357423,0.007669852474611436,10,4,5,100,"{'max_depth': 10, 'min_samples_leaf': 4, 'min_samples_split': 5, 'n_estimators': 100}",0.8809523809523809,0.9428571428571428,0.9282296650717703,0.9090909090909091,0.9425837320574163,0.9207427660059239,0.023414387164645323,158,0.9080047789725209,0.9438470728793309,0.9164677804295943,0.9009546539379475,0.9618138424821002,0.9262176257402986,0.022990750609812
82,0.582854175567627,0.06305196176767701,0.028268861770629882,0.0044023483238839305,10,4,5,150,"{'max_depth': 10, 'min_samples_leaf': 4, 'min_samples_split': 5, 'n_estimators': 150}",0.8952380952380953,0.9523809523809523,0.9425837320574163,0.9090909090909091,0.937799043062201,0.9274185463659148,0.021597884181803886,136,0.927120669056153,0.9438470728793309,0.9212410501193318,0.905727923627685,0.9570405727923628,0.9309954576949728,0.017844454406184106
83,0.7782520294189453,0.0479337815489655,0.027915430068969727,0.003937457618725035,10,4,5,200,"{'max_depth': 10, 'min_samples_leaf': 4, 'min_samples_split': 5, 'n_estimators': 200}",0.8857142857142857,0.9285714285714286,0.9521531100478469,0.9186602870813397,0.9090909090909091,0.9188380041011619,0.02189453813355442,164,0.910394265232975,0.929510155316607,0.9439140811455847,0.8985680190930787,0.9427207637231504,0.9250214569022791,0.01791136083187798
84,0.7096271991729737,0.029091932938102555,0.025853395462036133,0.0012524494637437878,10,4,5,250,"{'max_depth': 10, 'min_samples_leaf': 4, 'min_samples_split': 5, 'n_estimators': 250}",0.8904761904761904,0.9523809523809523,0.9569377990430622,0.9234449760765551,0.9138755980861244,0.9274231032125769,0.02473235232034839,134,0.9139784946236559,0.942652329749104,0.9498806682577565,0.9009546539379475,0.9582338902147971,0.9331400073566523,0.02192486034849804
85,0.14057860374450684,0.005763720560707334,0.01154937744140625,0.0037590149651482267,10,4,10,50,"{'max_depth': 10, 'min_samples_leaf': 4, 'min_samples_split': 10, 'n_estimators': 50}",0.8809523809523809,0.9714285714285714,0.937799043062201,0.9186602870813397,0.9043062200956937,0.9226293005240374,0.030659236450252498,157,0.910394265232975,0.953405017921147,0.9284009546539379,0.905727923627685,0.9379474940334129,0.9271751310938315,0.017590529138217244
86,0.30512256622314454,0.010555107438951588,0.01659550666809082,0.003937958129678808,10,4,10,100,"{'max_depth': 10, 'min_samples_leaf': 4, 'min_samples_split': 10, 'n_estimators': 100}",0.8714285714285714,0.9571428571428572,0.9330143540669856,0.9090909090909091,0.9282296650717703,0.9197812713602188,0.028616936812146658,160,0.9056152927120669,0.9498207885304659,0.9260143198090692,0.8926014319809069,0.954653937947494,0.9257411541960007,0.024162549378566846
87,0.46488332748413086,0.027032464670912894,0.018326711654663087,0.0017250106035154446,10,4,10,150,"{'max_depth': 10, 'min_samples_leaf': 4, 'min_samples_split': 10, 'n_estimators': 150}",0.8952380952380953,0.9619047619047619,0.9521531100478469,0.9090909090909091,0.9186602870813397,0.9274094326725907,0.02549230517626976,138,0.9283154121863799,0.955794504181601,0.9272076372315036,0.8926014319809069,0.9570405727923628,0.9321919116745508,0.023587346840117273
88,0.5171613693237305,0.006726799585944973,0.024053525924682618,0.0036982862995699516,10,4,10,200,"{'max_depth': 10, 'min_samples_leaf': 4, 'min_samples_split': 10, 'n_estimators': 200}",0.8809523809523809,0.9476190476190476,0.9569377990430622,0.9043062200956937,0.9090909090909091,0.9197812713602186,0.028344287339339344,163,0.9080047789725209,0.9330943847072879,0.9439140811455847,0.8866348448687351,0.9463007159904535,0.9235897611369165,0.02292492455316455
89,0.6805103302001954,0.06025803980757487,0.03299846649169922,0.011307161851966075,10,4,10,250,"{'max_depth': 10, 'min_samples_leaf': 4, 'min_samples_split': 10, 'n_estimators': 250}",0.8904761904761904,0.9571428571428572,0.9617224880382775,0.9186602870813397,0.9282296650717703,0.9312462975620871,0.026188315513831797,131,0.9115890083632019,0.9498207885304659,0.9498806682577565,0.8926014319809069,0.9558472553699284,0.9319478305004519,0.02519854171629477
90,0.21240658760070802,0.023641743535576507,0.018481063842773437,0.010369437239049893,15,1,2,50,"{'max_depth': 15, 'min_samples_leaf': 1, 'min_samples_split': 2, 'n_estimators': 50}",0.9809523809523809,0.9857142857142858,0.9808612440191388,0.9712918660287081,0.9569377990430622,0.9751515151515152,0.010241674819810144,31,0.98805256869773,0.98805256869773,0.9916467780429594,0.9916467780429594,0.9892601431980907,0.9897317673358937,0.0016245847147214618
91,0.4501084804534912,0.027562309830669367,0.024253034591674806,0.010828937444376033,15,1,2,100,"{'max_depth': 15, 'min_samples_leaf': 1, 'min_samples_split': 2, 'n_estimators': 100}",0.9857142857142858,0.9857142857142858,0.9808612440191388,0.9712918660287081,0.9569377990430622,0.9761038961038961,0.010934774310459772,24,0.986857825567503,0.98805256869773,0.9904534606205251,0.9928400954653938,0.9916467780429594,0.9899701456788221,0.0022201323901301253
92,0.6789454460144043,0.036733332129419476,0.025496196746826173,0.0041784316155772305,15,1,2,150,"{'max_depth': 15, 'min_samples_leaf': 1, 'min_samples_split': 2, 'n_estimators': 150}",0.9809523809523809,0.9857142857142858,0.9808612440191388,0.9712918660287081,0.9569377990430622,0.9751515151515152,0.010241674819810144,31,0.986857825567503,0.989247311827957,0.9904534606205251,0.9904534606205251,0.9916467780429594,0.989731767335894,0.001625003804894698
93,0.8775876522064209,0.07454319540195363,0.03485193252563477,0.01105332351338243,15,1,2,200,"{'max_depth': 15, 'min_samples_leaf': 1, 'min_samples_split': 2, 'n_estimators': 200}",0.9809523809523809,0.9857142857142858,0.9808612440191388,0.9712918660287081,0.9569377990430622,0.9751515151515152,0.010241674819810144,31,0.986857825567503,0.989247311827957,0.9892601431980907,0.9904534606205251,0.9916467780429594,0.989493103851407,0.0015887085110712431
94,0.9725562572479248,0.051932133228522324,0.03264307975769043,0.003709035875198709,15,1,2,250,"{'max_depth': 15, 'min_samples_leaf': 1, 'min_samples_split': 2, 'n_estimators': 250}",0.9809523809523809,0.9857142857142858,0.9808612440191388,0.9712918660287081,0.9521531100478469,0.9741945773524721,0.011975542147649064,38,0.985663082437276,0.989247311827957,0.9892601431980907,0.9904534606205251,0.9928400954653938,0.9894928187098486,0.0023198442188667565
95,0.2291140079498291,0.0292028189817969,0.017464351654052735,0.0090092591737931,15,1,5,50,"{'max_depth': 15, 'min_samples_leaf': 1, 'min_samples_split': 5, 'n_estimators': 50}",0.9809523809523809,0.9857142857142858,0.9760765550239234,0.9712918660287081,0.9617224880382775,0.9751515151515152,0.008262124730675382,31,0.982078853046595,0.9796893667861409,0.9821002386634845,0.9821002386634845,0.9809069212410502,0.9813751236801511,0.0009599800340619222
96,0.44769606590270994,0.016612960471424285,0.021473121643066407,0.0026508001236803364,15,1,5,100,"{'max_depth': 15, 'min_samples_leaf': 1, 'min_samples_split': 5, 'n_estimators': 100}",0.9857142857142858,0.9857142857142858,0.9808612440191388,0.9712918660287081,0.9617224880382775,0.9770608339029392,0.009303261984398811,1,0.978494623655914,0.978494623655914,0.9832935560859188,0.9856801909307876,0.9844868735083532,0.9820899735673775,0.0030310553572721268
97,0.6652037143707276,0.0405437454786377,0.023560237884521485,0.0037553685628835018,15,1,5,150,"{'max_depth': 15, 'min_samples_leaf': 1, 'min_samples_split': 5, 'n_estimators': 150}",0.9809523809523809,0.9857142857142858,0.9808612440191388,0.9712918660287081,0.9617224880382775,0.9761084529505583,0.00858463954451474,4,0.9796893667861409,0.977299880525687,0.9821002386634845,0.9844868735083532,0.9832935560859188,0.981373983113917,0.0025821904731108862
98,0.7011631011962891,0.017365113334779796,0.02944154739379883,0.01050948906226063,15,1,5,200,"{'max_depth': 15, 'min_samples_leaf': 1, 'min_samples_split': 5, 'n_estimators': 200}",0.9809523809523809,0.9857142857142858,0.9808612440191388,0.9712918660287081,0.9617224880382775,0.9761084529505583,0.00858463954451474,4,0.9796893667861409,0.97610513739546,0.9821002386634845,0.9832935560859188,0.9832935560859188,0.9808963710033847,0.0027333155196220533
99,0.934821605682373,0.031103704308846163,0.03901882171630859,0.006339489495030462,15,1,5,250,"{'max_depth': 15, 'min_samples_leaf': 1, 'min_samples_split': 5, 'n_estimators': 250}",0.9809523809523809,0.9857142857142858,0.9808612440191388,0.9712918660287081,0.9617224880382775,0.9761084529505583,0.00858463954451474,4,0.978494623655914,0.977299880525687,0.9821002386634845,0.9832935560859188,0.9821002386634845,0.9806577075188978,0.0023265177321098794
100,0.2127244472503662,0.018154980372981726,0.012869787216186524,0.0003719023361784145,15,1,10,50,"{'max_depth': 15, 'min_samples_leaf': 1, 'min_samples_split': 10, 'n_estimators': 50}",0.9809523809523809,0.9857142857142858,0.9808612440191388,0.9712918660287081,0.9617224880382775,0.9761084529505583,0.00858463954451474,4,0.97610513739546,0.977299880525687,0.9785202863961814,0.977326968973747,0.9821002386634845,0.978270502390912,0.0020615741386054826
101,0.468276834487915,0.009595375818108924,0.023262643814086915,0.003683298442516137,15,1,10,100,"{'max_depth': 15, 'min_samples_leaf': 1, 'min_samples_split': 10, 'n_estimators': 100}",0.9809523809523809,0.9857142857142858,0.9808612440191388,0.9712918660287081,0.9617224880382775,0.9761084529505583,0.00858463954451474,4,0.974910394265233,0.97610513739546,0.9785202863961814,0.9785202863961814,0.9797136038186157,0.9775539416543342,0.0017674366502353914
102,0.6359928607940674,0.0415108589552944,0.029583501815795898,0.008871690824694418,15,1,10,150,"{'max_depth': 15, 'min_samples_leaf': 1, 'min_samples_split': 10, 'n_estimators': 150}",0.9809523809523809,0.9857142857142858,0.9808612440191388,0.9712918660287081,0.9617224880382775,0.9761084529505583,0.00858463954451474,4,0.97610513739546,0.974910394265233,0.977326968973747,0.977326968973747,0.9797136038186157,0.9770766146853604,0.0015947003017308997
103,0.8113779067993164,0.020806361897350578,0.02749643325805664,0.00800517290689811,15,1,10,200,"{'max_depth': 15, 'min_samples_leaf': 1, 'min_samples_split': 10, 'n_estimators': 200}",0.9809523809523809,0.9857142857142858,0.9808612440191388,0.9712918660287081,0.9617224880382775,0.9761084529505583,0.00858463954451474,4,0.97610513739546,0.974910394265233,0.977326968973747,0.977326968973747,0.9797136038186157,0.9770766146853604,0.0015947003017308997
104,0.9850663661956787,0.07296867774130177,0.035710382461547854,0.003039148153184958,15,1,10,250,"{'max_depth': 15, 'min_samples_leaf': 1, 'min_samples_split': 10, 'n_estimators': 250}",0.9809523809523809,0.9857142857142858,0.9808612440191388,0.9712918660287081,0.9617224880382775,0.9761084529505583,0.00858463954451474,4,0.97610513739546,0.974910394265233,0.977326968973747,0.977326968973747,0.9797136038186157,0.9770766146853604,0.0015947003017308997
105,0.21090574264526368,0.009081535464670262,0.014522409439086914,0.0038636204078997503,15,2,2,50,"{'max_depth': 15, 'min_samples_leaf': 2, 'min_samples_split': 2, 'n_estimators': 50}",0.9809523809523809,0.9809523809523809,0.9760765550239234,0.9712918660287081,0.9617224880382775,0.9741991341991343,0.007195224805547341,36,0.973715651135006,0.974910394265233,0.9749403341288783,0.9749403341288783,0.9785202863961814,0.9754054000108354,0.001626983201774436
106,0.38405842781066896,0.03607963018801658,0.01842489242553711,0.0018369817087098576,15,2,2,100,"{'max_depth': 15, 'min_samples_leaf': 2, 'min_samples_split': 2, 'n_estimators': 100}",0.9666666666666667,0.9809523809523809,0.9712918660287081,0.9712918660287081,0.9569377990430622,0.9694281157439052,0.00778960115971323,69,0.970131421744325,0.97610513739546,0.9725536992840096,0.9737470167064439,0.977326968973747,0.9739728488207972,0.0025541465933479027
107,0.5036569595336914,0.047190466898532436,0.020438528060913085,0.003696534828683765,15,2,2,150,"{'max_depth': 15, 'min_samples_leaf': 2, 'min_samples_split': 2, 'n_estimators': 150}",0.9761904761904762,0.9809523809523809,0.9712918660287081,0.9665071770334929,0.9569377990430622,0.970375939849624,0.008271152447986534,64,0.972520908004779,0.972520908004779,0.9737470167064439,0.9761336515513126,0.9785202863961814,0.9746885541326991,0.0023261277215625075
108,0.5410315513610839,0.005523215221585231,0.02253894805908203,0.0008934434019757575,15,2,2,200,"{'max_depth': 15, 'min_samples_leaf': 2, 'min_samples_split': 2, 'n_estimators': 200}",0.9714285714285714,0.9809523809523809,0.9712918660287081,0.9712918660287081,0.9569377990430622,0.9703804966962861,0.007684146090293576,63,0.972520908004779,0.972520908004779,0.9749403341288783,0.9725536992840096,0.977326968973747,0.9739725636792386,0.0019191872805670795
109,0.7395923614501954,0.06648265239253726,0.03617362976074219,0.009736556701132047,15,2,2,250,"{'max_depth': 15, 'min_samples_leaf': 2, 'min_samples_split': 2, 'n_estimators': 250}",0.9761904761904762,0.9809523809523809,0.9712918660287081,0.9665071770334929,0.9569377990430622,0.970375939849624,0.008271152447986534,64,0.972520908004779,0.972520908004779,0.9737470167064439,0.9737470167064439,0.9785202863961814,0.9742112271637253,0.002223210826004399
110,0.17732996940612794,0.018559398701999557,0.011129283905029297,0.0016389405930936818,15,2,5,50,"{'max_depth': 15, 'min_samples_leaf': 2, 'min_samples_split': 5, 'n_estimators': 50}",0.9809523809523809,0.9809523809523809,0.9712918660287081,0.9569377990430622,0.9665071770334929,0.9713283208020049,0.00911676412152769,58,0.974910394265233,0.974910394265233,0.9725536992840096,0.9737470167064439,0.9797136038186157,0.975167021667907,0.0024351177578716223
111,0.4186095714569092,0.020339104607410785,0.020745038986206055,0.005489820474379603,15,2,5,100,"{'max_depth': 15, 'min_samples_leaf': 2, 'min_samples_split': 5, 'n_estimators': 100}",0.9714285714285714,0.9809523809523809,0.9760765550239234,0.9712918660287081,0.9569377990430622,0.9713374344953293,0.008028279296841263,52,0.9713261648745519,0.973715651135006,0.9701670644391408,0.9725536992840096,0.9761336515513126,0.9727792462568041,0.0020549793071786586
112,0.5652059078216553,0.02110001095839207,0.025595903396606445,0.004477245780066132,15,2,5,150,"{'max_depth': 15, 'min_samples_leaf': 2, 'min_samples_split': 5, 'n_estimators': 150}",0.9714285714285714,0.9809523809523809,0.9712918660287081,0.9712918660287081,0.9617224880382775,0.9713374344953293,0.006081230955239946,52,0.973715651135006,0.974910394265233,0.9725536992840096,0.9737470167064439,0.9785202863961814,0.9746894095573747,0.0020553354819877623
113,0.7556257724761963,0.038981465605746196,0.030359697341918946,0.008095583870928508,15,2,5,200,"{'max_depth': 15, 'min_samples_leaf': 2, 'min_samples_split': 5, 'n_estimators': 200}",0.9761904761904762,0.9809523809523809,0.9712918660287081,0.9712918660287081,0.9569377990430622,0.9713328776486672,0.008041800288132424,56,0.9713261648745519,0.973715651135006,0.9737470167064439,0.9701670644391408,0.9761336515513126,0.9730179097412911,0.0020840156754105485
114,0.7631468772888184,0.0370794745544623,0.03032221794128418,0.0055893776728211395,15,2,5,250,"{'max_depth': 15, 'min_samples_leaf': 2, 'min_samples_split': 5, 'n_estimators': 250}",0.9761904761904762,0.9809523809523809,0.9760765550239234,0.9712918660287081,0.9569377990430622,0.9722898154477102,0.008261657251452567,46,0.9713261648745519,0.972520908004779,0.9737470167064439,0.9725536992840096,0.9785202863961814,0.9737336150531931,0.0025128103040371256
115,0.15170702934265137,0.007407159698418874,0.009198331832885742,0.0009299092089937523,15,2,10,50,"{'max_depth': 15, 'min_samples_leaf': 2, 'min_samples_split': 10, 'n_estimators': 50}",0.9571428571428572,0.9761904761904762,0.9712918660287081,0.9617224880382775,0.9617224880382775,0.9656140350877193,0.007016380879685633,92,0.953405017921147,0.9713261648745519,0.9725536992840096,0.9689737470167065,0.9797136038186157,0.9691944465830062,0.00866990468572397
116,0.3450272560119629,0.020136808283923908,0.025390768051147462,0.00884026177835382,15,2,10,100,"{'max_depth': 15, 'min_samples_leaf': 2, 'min_samples_split': 10, 'n_estimators': 100}",0.9523809523809523,0.9809523809523809,0.9712918660287081,0.9665071770334929,0.9617224880382775,0.9665709728867624,0.009528696523656307,90,0.967741935483871,0.972520908004779,0.9665871121718377,0.9725536992840096,0.9797136038186157,0.9718234517526227,0.004633621338923652
117,0.5816653728485107,0.019118517569574126,0.029114484786987305,0.005170521814048924,15,2,10,150,"{'max_depth': 15, 'min_samples_leaf': 2, 'min_samples_split': 10, 'n_estimators': 150}",0.9571428571428572,0.9809523809523809,0.9712918660287081,0.9665071770334929,0.9617224880382775,0.9675233538391433,0.008209480182478938,82,0.9713261648745519,0.972520908004779,0.9713603818615751,0.9725536992840096,0.9785202863961814,0.9732562880842194,0.002685663013906063
118,0.749368953704834,0.057806571427416464,0.027802181243896485,0.003643006699130571,15,2,10,200,"{'max_depth': 15, 'min_samples_leaf': 2, 'min_samples_split': 10, 'n_estimators': 200}",0.9571428571428572,0.9809523809523809,0.9712918660287081,0.9712918660287081,0.9569377990430622,0.9675233538391433,0.009257978391164134,82,0.9689366786140979,0.972520908004779,0.9725536992840096,0.9701670644391408,0.977326968973747,0.9723010638631548,0.002872104452450074
119,0.9229644298553467,0.1304134032782636,0.03756532669067383,0.019068994084038088,15,2,10,250,"{'max_depth': 15, 'min_samples_leaf': 2, 'min_samples_split': 10, 'n_estimators': 250}",0.9666666666666667,0.9809523809523809,0.9760765550239234,0.9665071770334929,0.9569377990430622,0.9694281157439052,0.008356744924896265,69,0.9713261648745519,0.972520908004779,0.9725536992840096,0.9749403341288783,0.977326968973747,0.9737336150531932,0.0021460214023286683
120,0.2262580394744873,0.06134168246099208,0.017985057830810548,0.01791334732125737,15,4,2,50,"{'max_depth': 15, 'min_samples_leaf': 4, 'min_samples_split': 2, 'n_estimators': 50}",0.8857142857142857,0.9666666666666667,0.9282296650717703,0.9234449760765551,0.9138755980861244,0.9235862383230804,0.026100137936317488,153,0.9044205495818399,0.951015531660693,0.9260143198090692,0.9307875894988067,0.9427207637231504,0.9309917508547118,0.01593340377565834
121,0.29384894371032716,0.016694131671974945,0.014397048950195312,0.0011742863326264057,15,4,2,100,"{'max_depth': 15, 'min_samples_leaf': 4, 'min_samples_split': 2, 'n_estimators': 100}",0.8809523809523809,0.9523809523809523,0.9282296650717703,0.9234449760765551,0.937799043062201,0.9245614035087719,0.023939974109542975,145,0.9115890083632019,0.9522102747909199,0.9212410501193318,0.9105011933174224,0.9618138424821002,0.9314710738145953,0.02140319540176634
122,0.46449689865112304,0.00877449097014888,0.021319150924682617,0.003615602840074627,15,4,2,150,"{'max_depth': 15, 'min_samples_leaf': 4, 'min_samples_split': 2, 'n_estimators': 150}",0.9142857142857143,0.9619047619047619,0.9425837320574163,0.9090909090909091,0.937799043062201,0.9331328320802005,0.019350167396276586,121,0.929510155316607,0.954599761051374,0.9212410501193318,0.905727923627685,0.9618138424821002,0.9345785465194197,0.020873649505333453
123,0.7467427253723145,0.07817147022578608,0.03506917953491211,0.006478633008790181,15,4,2,200,"{'max_depth': 15, 'min_samples_leaf': 4, 'min_samples_split': 2, 'n_estimators': 200}",0.8904761904761904,0.9523809523809523,0.9521531100478469,0.9234449760765551,0.9090909090909091,0.9255092276144907,0.024220330599453645,141,0.9115890083632019,0.9414575866188769,0.9439140811455847,0.9009546539379475,0.9463007159904535,0.9288432092112128,0.018796261348076305
124,0.9351163864135742,0.09518872702879531,0.03463029861450195,0.0047643106978602755,15,4,2,250,"{'max_depth': 15, 'min_samples_leaf': 4, 'min_samples_split': 2, 'n_estimators': 250}",0.8904761904761904,0.9571428571428572,0.9569377990430622,0.9282296650717703,0.9425837320574163,0.9350740487582593,0.024727578832879415,115,0.9163679808841099,0.9498207885304659,0.9486873508353222,0.9069212410501193,0.9630071599045346,0.9369609042409103,0.021483684343065804
125,0.15624704360961914,0.012805587626066952,0.010219192504882813,0.0011336508314862186,15,4,5,50,"{'max_depth': 15, 'min_samples_leaf': 4, 'min_samples_split': 5, 'n_estimators': 50}",0.8857142857142857,0.9666666666666667,0.9282296650717703,0.9234449760765551,0.9138755980861244,0.9235862383230804,0.026100137936317488,153,0.9044205495818399,0.951015531660693,0.9260143198090692,0.9307875894988067,0.9427207637231504,0.9309917508547118,0.01593340377565834
126,0.30478606224060056,0.011930400763402791,0.012496232986450195,0.0033297045903585175,15,4,5,100,"{'max_depth': 15, 'min_samples_leaf': 4, 'min_samples_split': 5, 'n_estimators': 100}",0.8809523809523809,0.9523809523809523,0.9282296650717703,0.9234449760765551,0.937799043062201,0.9245614035087719,0.023939974109542975,145,0.9115890083632019,0.9522102747909199,0.9212410501193318,0.9105011933174224,0.9618138424821002,0.9314710738145953,0.02140319540176634
127,0.41504721641540526,0.018592159850791976,0.017099380493164062,0.001068255796294651,15,4,5,150,"{'max_depth': 15, 'min_samples_leaf': 4, 'min_samples_split': 5, 'n_estimators': 150}",0.9142857142857143,0.9619047619047619,0.9425837320574163,0.9090909090909091,0.937799043062201,0.9331328320802005,0.019350167396276586,121,0.929510155316607,0.954599761051374,0.9212410501193318,0.905727923627685,0.9618138424821002,0.9345785465194197,0.020873649505333453
128,0.5447789669036865,0.012722299431442185,0.02285165786743164,0.002673634860257085,15,4,5,200,"{'max_depth': 15, 'min_samples_leaf': 4, 'min_samples_split': 5, 'n_estimators': 200}",0.8904761904761904,0.9523809523809523,0.9521531100478469,0.9234449760765551,0.9090909090909091,0.9255092276144907,0.024220330599453645,141,0.9115890083632019,0.9414575866188769,0.9439140811455847,0.9009546539379475,0.9463007159904535,0.9288432092112128,0.018796261348076305
129,0.8726333618164063,0.050445350039748704,0.04068698883056641,0.0070168565656789205,15,4,5,250,"{'max_depth': 15, 'min_samples_leaf': 4, 'min_samples_split': 5, 'n_estimators': 250}",0.8904761904761904,0.9571428571428572,0.9569377990430622,0.9282296650717703,0.9425837320574163,0.9350740487582593,0.024727578832879415,115,0.9163679808841099,0.9498207885304659,0.9486873508353222,0.9069212410501193,0.9630071599045346,0.9369609042409103,0.021483684343065804
130,0.18146781921386718,0.02325992336707127,0.011416816711425781,0.0006654887492958027,15,4,10,50,"{'max_depth': 15, 'min_samples_leaf': 4, 'min_samples_split': 10, 'n_estimators': 50}",0.8857142857142857,0.9714285714285714,0.937799043062201,0.9234449760765551,0.9043062200956937,0.9245386192754614,0.02929976573425217,149,0.9091995221027479,0.956989247311828,0.9284009546539379,0.9200477326968973,0.9391408114558473,0.9307556536442517,0.016391359270208506
131,0.3173825740814209,0.009777250050567962,0.016122102737426758,0.001931003214150267,15,4,10,100,"{'max_depth': 15, 'min_samples_leaf': 4, 'min_samples_split': 10, 'n_estimators': 100}",0.8714285714285714,0.9619047619047619,0.937799043062201,0.9186602870813397,0.9282296650717703,0.9236044657097289,0.029787782832326217,151,0.9080047789725209,0.955794504181601,0.9284009546539379,0.9021479713603818,0.9582338902147971,0.9305164198766477,0.023337770881553338
132,0.4139057159423828,0.026587207291173674,0.022043561935424803,0.005990332281599317,15,4,10,150,"{'max_depth': 15, 'min_samples_leaf': 4, 'min_samples_split': 10, 'n_estimators': 150}",0.9142857142857143,0.9666666666666667,0.9473684210526315,0.9138755980861244,0.9186602870813397,0.9321713374344954,0.02125115133211265,128,0.9342891278375149,0.961768219832736,0.9295942720763724,0.9045346062052506,0.9582338902147971,0.9376840232333341,0.02087198503557519
133,0.5837153911590576,0.04065491473348847,0.02545275688171387,0.007446459456855433,15,4,10,200,"{'max_depth': 15, 'min_samples_leaf': 4, 'min_samples_split': 10, 'n_estimators': 200}",0.8904761904761904,0.9666666666666667,0.9569377990430622,0.9138755980861244,0.9090909090909091,0.9274094326725907,0.029311609322378897,138,0.9139784946236559,0.948626045400239,0.9463007159904535,0.9021479713603818,0.9439140811455847,0.930993461704063,0.019150633755874728
134,0.8411940097808838,0.09993483189272698,0.04186749458312988,0.01286796880929731,15,4,10,250,"{'max_depth': 15, 'min_samples_leaf': 4, 'min_samples_split': 10, 'n_estimators': 250}",0.8952380952380953,0.9619047619047619,0.9617224880382775,0.9234449760765551,0.9138755980861244,0.9312371838687629,0.026562875063913693,132,0.9139784946236559,0.9522102747909199,0.951073985680191,0.8997613365155132,0.9570405727923628,0.9348129328805286,0.023340289393947257
135,0.2843691349029541,0.009077101494442482,0.016639184951782227,0.0040337385870368005,20,1,2,50,"{'max_depth': 20, 'min_samples_leaf': 1, 'min_samples_split': 2, 'n_estimators': 50}",0.9761904761904762,0.9809523809523809,0.9856459330143541,0.9712918660287081,0.9521531100478469,0.9732467532467531,0.011580546010050352,43,0.995221027479092,0.995221027479092,0.9940334128878282,0.9964200477326969,0.9928400954653938,0.9947471222088206,0.001216057910943011
136,0.5318042755126953,0.04571286107277224,0.02132272720336914,0.0019493310009497606,20,1,2,100,"{'max_depth': 20, 'min_samples_leaf': 1, 'min_samples_split': 2, 'n_estimators': 100}",0.9809523809523809,0.9857142857142858,0.9808612440191388,0.9665071770334929,0.9473684210526315,0.972280701754386,0.014023125337410309,50,0.996415770609319,0.995221027479092,0.9952267303102625,0.9964200477326969,0.9952267303102625,0.9957020612883266,0.0005844926230864252
137,0.6030341625213623,0.04422931931780677,0.021308088302612306,0.001251247212373385,20,1,2,150,"{'max_depth': 20, 'min_samples_leaf': 1, 'min_samples_split': 2, 'n_estimators': 150}",0.9809523809523809,0.9857142857142858,0.9808612440191388,0.9712918660287081,0.9473684210526315,0.973237639553429,0.013757221956318226,44,0.996415770609319,0.995221027479092,0.9940334128878282,0.9964200477326969,0.9952267303102625,0.9954633978038399,0.0008923905853216602
138,0.7315405368804931,0.03472136196723729,0.03296308517456055,0.012045019786541667,20,1,2,200,"{'max_depth': 20, 'min_samples_leaf': 1, 'min_samples_split': 2, 'n_estimators': 200}",0.9761904761904762,0.9857142857142858,0.9808612440191388,0.9712918660287081,0.9473684210526315,0.9722852586010481,0.013348952331453707,48,0.996415770609319,0.996415770609319,0.9952267303102625,0.9964200477326969,0.9964200477326969,0.9961796733988588,0.00047647538371120844
139,1.0702525615692138,0.11430470296162579,0.04942054748535156,0.006051042939249485,20,1,2,250,"{'max_depth': 20, 'min_samples_leaf': 1, 'min_samples_split': 2, 'n_estimators': 250}",0.9761904761904762,0.9857142857142858,0.9808612440191388,0.9712918660287081,0.9473684210526315,0.9722852586010481,0.013348952331453707,48,0.996415770609319,0.996415770609319,0.9952267303102625,0.9964200477326969,0.9964200477326969,0.9961796733988588,0.00047647538371120844
140,0.2414830207824707,0.012878580493135946,0.01568260192871094,0.003694834287110421,20,1,5,50,"{'max_depth': 20, 'min_samples_leaf': 1, 'min_samples_split': 5, 'n_estimators': 50}",0.9809523809523809,0.9857142857142858,0.9808612440191388,0.9712918660287081,0.9617224880382775,0.9761084529505583,0.00858463954451474,4,0.982078853046595,0.980884109916368,0.9832935560859188,0.9880668257756563,0.9844868735083532,0.9837620436665784,0.002465426585935863
141,0.476267671585083,0.013334562222203113,0.02068037986755371,0.005510784644487143,20,1,5,100,"{'max_depth': 20, 'min_samples_leaf': 1, 'min_samples_split': 5, 'n_estimators': 100}",0.9809523809523809,0.9857142857142858,0.9808612440191388,0.9712918660287081,0.9617224880382775,0.9761084529505583,0.00858463954451474,4,0.983273596176822,0.9796893667861409,0.9856801909307876,0.9880668257756563,0.9856801909307876,0.9844780341200389,0.0028337887407670396
142,0.5811707019805908,0.01753491810606946,0.02293705940246582,0.003595845987927114,20,1,5,150,"{'max_depth': 20, 'min_samples_leaf': 1, 'min_samples_split': 5, 'n_estimators': 150}",0.9809523809523809,0.9857142857142858,0.9808612440191388,0.9712918660287081,0.9617224880382775,0.9761084529505583,0.00858463954451474,4,0.982078853046595,0.9796893667861409,0.9832935560859188,0.9856801909307876,0.9844868735083532,0.983045768071559,0.002062945556019429
143,0.7649749755859375,0.014144188168456518,0.026723623275756836,0.001447517809636002,20,1,5,200,"{'max_depth': 20, 'min_samples_leaf': 1, 'min_samples_split': 5, 'n_estimators': 200}",0.9809523809523809,0.9857142857142858,0.9808612440191388,0.9712918660287081,0.9617224880382775,0.9761084529505583,0.00858463954451474,4,0.983273596176822,0.9796893667861409,0.9821002386634845,0.9856801909307876,0.9844868735083532,0.9830460532131177,0.0020605013647407746
144,1.0728904724121093,0.08310043609608624,0.04319586753845215,0.010654510092357914,20,1,5,250,"{'max_depth': 20, 'min_samples_leaf': 1, 'min_samples_split': 5, 'n_estimators': 250}",0.9809523809523809,0.9857142857142858,0.9808612440191388,0.9712918660287081,0.9617224880382775,0.9761084529505583,0.00858463954451474,4,0.980884109916368,0.9796893667861409,0.9832935560859188,0.986873508353222,0.9856801909307876,0.9832841464144876,0.0027315655863231697
145,0.2500354290008545,0.026330763265258933,0.014449024200439453,0.0004585157514514294,20,1,10,50,"{'max_depth': 20, 'min_samples_leaf': 1, 'min_samples_split': 10, 'n_estimators': 50}",0.9809523809523809,0.9857142857142858,0.9808612440191388,0.9712918660287081,0.9617224880382775,0.9761084529505583,0.00858463954451474,4,0.978494623655914,0.97610513739546,0.977326968973747,0.977326968973747,0.9832935560859188,0.9785094510169575,0.0025085905491748083
146,0.463590145111084,0.016832755680342124,0.020164108276367186,0.001429111515707567,20,1,10,100,"{'max_depth': 20, 'min_samples_leaf': 1, 'min_samples_split': 10, 'n_estimators': 100}",0.9809523809523809,0.9857142857142858,0.9808612440191388,0.9712918660287081,0.9617224880382775,0.9761084529505583,0.00858463954451474,4,0.977299880525687,0.973715651135006,0.977326968973747,0.977326968973747,0.9832935560859188,0.9777926051388212,0.0030841020376257745
147,0.6588675022125244,0.09543766765971647,0.02512803077697754,0.008319884287990697,20,1,10,150,"{'max_depth': 20, 'min_samples_leaf': 1, 'min_samples_split': 10, 'n_estimators': 150}",0.9809523809523809,0.9857142857142858,0.9808612440191388,0.9712918660287081,0.9617224880382775,0.9761084529505583,0.00858463954451474,4,0.974910394265233,0.973715651135006,0.9761336515513126,0.9797136038186157,0.9821002386634845,0.9773147078867304,0.003123614382965931
148,0.6556386947631836,0.012918089498991654,0.025743913650512696,0.0034705125523257327,20,1,10,200,"{'max_depth': 20, 'min_samples_leaf': 1, 'min_samples_split': 10, 'n_estimators': 200}",0.9809523809523809,0.9857142857142858,0.9808612440191388,0.9712918660287081,0.9617224880382775,0.9761084529505583,0.00858463954451474,4,0.977299880525687,0.973715651135006,0.9761336515513126,0.9797136038186157,0.9821002386634845,0.9777926051388212,0.002893523838149465
149,0.8512860298156738,0.05521918368489944,0.0361083984375,0.003334816187113225,20,1,10,250,"{'max_depth': 20, 'min_samples_leaf': 1, 'min_samples_split': 10, 'n_estimators': 250}",0.9809523809523809,0.9857142857142858,0.9808612440191388,0.9712918660287081,0.9617224880382775,0.9761084529505583,0.00858463954451474,4,0.97610513739546,0.974910394265233,0.9761336515513126,0.9797136038186157,0.9809069212410502,0.9775539416543342,0.0023242725024600797
150,0.177199125289917,0.011626598092485993,0.01199965476989746,0.0006327892727738909,20,2,2,50,"{'max_depth': 20, 'min_samples_leaf': 2, 'min_samples_split': 2, 'n_estimators': 50}",0.9761904761904762,0.9809523809523809,0.9760765550239234,0.9665071770334929,0.9617224880382775,0.9722898154477102,0.00706685089100732,46,0.972520908004779,0.974910394265233,0.977326968973747,0.9701670644391408,0.9785202863961814,0.9746891244158162,0.0030605612300884494
151,0.3536017417907715,0.009839759567591288,0.018590641021728516,0.0019204397922505147,20,2,2,100,"{'max_depth': 20, 'min_samples_leaf': 2, 'min_samples_split': 2, 'n_estimators': 100}",0.9666666666666667,0.9809523809523809,0.9712918660287081,0.9712918660287081,0.9569377990430622,0.9694281157439052,0.00778960115971323,69,0.970131421744325,0.974910394265233,0.9749403341288783,0.9725536992840096,0.977326968973747,0.9739725636792386,0.0024427725341197477
152,0.5911984443664551,0.022093083401912322,0.02499809265136719,0.0012467988622641875,20,2,2,150,"{'max_depth': 20, 'min_samples_leaf': 2, 'min_samples_split': 2, 'n_estimators': 150}",0.9714285714285714,0.9809523809523809,0.9712918660287081,0.9665071770334929,0.9569377990430622,0.9694235588972431,0.0078079941992650745,75,0.972520908004779,0.973715651135006,0.9737470167064439,0.9725536992840096,0.9785202863961814,0.9742115123052839,0.0022196240917016965
153,0.6852488040924072,0.06421521796955033,0.028116559982299803,0.005477307767793333,20,2,2,200,"{'max_depth': 20, 'min_samples_leaf': 2, 'min_samples_split': 2, 'n_estimators': 200}",0.9666666666666667,0.9809523809523809,0.9712918660287081,0.9712918660287081,0.9569377990430622,0.9694281157439052,0.00778960115971323,69,0.972520908004779,0.972520908004779,0.9737470167064439,0.9725536992840096,0.977326968973747,0.9737339001947518,0.0018571962518299596
154,0.8562192916870117,0.041379977124795186,0.03160152435302734,0.0029548418103946586,20,2,2,250,"{'max_depth': 20, 'min_samples_leaf': 2, 'min_samples_split': 2, 'n_estimators': 250}",0.9761904761904762,0.9809523809523809,0.9712918660287081,0.9712918660287081,0.9569377990430622,0.9713328776486672,0.008041800288132424,56,0.972520908004779,0.9713261648745519,0.977326968973747,0.9749403341288783,0.9785202863961814,0.9749269324756276,0.0027359469390415177
155,0.2017880916595459,0.025118061135024242,0.014563608169555663,0.00551690264195515,20,2,5,50,"{'max_depth': 20, 'min_samples_leaf': 2, 'min_samples_split': 5, 'n_estimators': 50}",0.9809523809523809,0.9809523809523809,0.9712918660287081,0.9569377990430622,0.9617224880382775,0.9703713830029619,0.009798233374743863,66,0.974910394265233,0.974910394265233,0.9737470167064439,0.9749403341288783,0.9797136038186157,0.9756443486368808,0.0020847887497361366
156,0.39041829109191895,0.02058914568121371,0.022492313385009767,0.0040829170814568405,20,2,5,100,"{'max_depth': 20, 'min_samples_leaf': 2, 'min_samples_split': 5, 'n_estimators': 100}",0.9666666666666667,0.9809523809523809,0.9760765550239234,0.9617224880382775,0.9569377990430622,0.9684711779448621,0.008893166976172909,81,0.9713261648745519,0.973715651135006,0.9749403341288783,0.9725536992840096,0.9761336515513126,0.9737339001947516,0.0016973323776304746
157,0.5896870136260987,0.007233512159691198,0.02595033645629883,0.002069636684548926,20,2,5,150,"{'max_depth': 20, 'min_samples_leaf': 2, 'min_samples_split': 5, 'n_estimators': 150}",0.9714285714285714,0.9809523809523809,0.9712918660287081,0.9712918660287081,0.9617224880382775,0.9713374344953293,0.006081230955239946,52,0.9713261648745519,0.972520908004779,0.9713603818615751,0.9737470167064439,0.9785202863961814,0.9734949515687061,0.0026655697847052526
158,0.6626526832580566,0.0566582721856488,0.02293858528137207,0.0013621715768418515,20,2,5,200,"{'max_depth': 20, 'min_samples_leaf': 2, 'min_samples_split': 5, 'n_estimators': 200}",0.9714285714285714,0.9809523809523809,0.9712918660287081,0.9712918660287081,0.9617224880382775,0.9713374344953293,0.006081230955239946,52,0.9713261648745519,0.972520908004779,0.9737470167064439,0.9725536992840096,0.9785202863961814,0.9737336150531931,0.0025128103040371256
159,0.7762163639068603,0.03786428065597332,0.030083847045898438,0.005681829936816685,20,2,5,250,"{'max_depth': 20, 'min_samples_leaf': 2, 'min_samples_split': 5, 'n_estimators': 250}",0.9761904761904762,0.9809523809523809,0.9760765550239234,0.9712918660287081,0.9617224880382775,0.9732467532467532,0.00652196678672581,42,0.9713261648745519,0.972520908004779,0.9737470167064439,0.9737470167064439,0.9797136038186157,0.9742109420221668,0.002894404754507035
160,0.1651749610900879,0.010279771684666723,0.013769102096557618,0.004999968078052878,20,2,10,50,"{'max_depth': 20, 'min_samples_leaf': 2, 'min_samples_split': 10, 'n_estimators': 50}",0.9761904761904762,0.9761904761904762,0.9712918660287081,0.9617224880382775,0.9617224880382775,0.9694235588972431,0.006537367904501224,75,0.9713261648745519,0.9713261648745519,0.9725536992840096,0.9689737470167065,0.9797136038186157,0.9727786759736871,0.0036562521816514803
161,0.3731117248535156,0.014362228540864141,0.019332742691040038,0.0029721546324721266,20,2,10,100,"{'max_depth': 20, 'min_samples_leaf': 2, 'min_samples_split': 10, 'n_estimators': 100}",0.9619047619047619,0.9809523809523809,0.9712918660287081,0.9665071770334929,0.9617224880382775,0.9684757347915243,0.0071590018941717045,80,0.9689366786140979,0.972520908004779,0.9689737470167065,0.9725536992840096,0.9797136038186157,0.9725397273476417,0.003928440629572365
162,0.5648862838745117,0.01888828899690089,0.026039981842041017,0.0027461158610151827,20,2,10,150,"{'max_depth': 20, 'min_samples_leaf': 2, 'min_samples_split': 10, 'n_estimators': 150}",0.9571428571428572,0.9809523809523809,0.9712918660287081,0.9665071770334929,0.9617224880382775,0.9675233538391433,0.008209480182478938,82,0.9713261648745519,0.972520908004779,0.9725536992840096,0.9737470167064439,0.9785202863961814,0.9737336150531931,0.0025128103040371256
163,0.7479918003082275,0.057293819974144594,0.02735137939453125,0.004930497218838411,20,2,10,200,"{'max_depth': 20, 'min_samples_leaf': 2, 'min_samples_split': 10, 'n_estimators': 200}",0.9571428571428572,0.9809523809523809,0.9712918660287081,0.9712918660287081,0.9569377990430622,0.9675233538391433,0.009257978391164134,82,0.970131421744325,0.972520908004779,0.9725536992840096,0.9713603818615751,0.9785202863961814,0.9730173394581738,0.002891984126152083
164,0.8191812038421631,0.05209418876368078,0.03543267250061035,0.007946858395582112,20,2,10,250,"{'max_depth': 20, 'min_samples_leaf': 2, 'min_samples_split': 10, 'n_estimators': 250}",0.9571428571428572,0.9809523809523809,0.9760765550239234,0.9712918660287081,0.9569377990430622,0.9684802916381864,0.00982779462630909,77,0.9713261648745519,0.9689366786140979,0.9725536992840096,0.9761336515513126,0.9785202863961814,0.9734940961440305,0.003422986064376703
165,0.17621073722839356,0.008921486112885547,0.019472265243530275,0.01128893213166591,20,4,2,50,"{'max_depth': 20, 'min_samples_leaf': 4, 'min_samples_split': 2, 'n_estimators': 50}",0.8857142857142857,0.9666666666666667,0.9282296650717703,0.9234449760765551,0.9138755980861244,0.9235862383230804,0.026100137936317488,153,0.9044205495818399,0.951015531660693,0.9260143198090692,0.9307875894988067,0.9427207637231504,0.9309917508547118,0.01593340377565834
166,0.32427339553833007,0.02353284660884683,0.014348030090332031,0.0018820587277712992,20,4,2,100,"{'max_depth': 20, 'min_samples_leaf': 4, 'min_samples_split': 2, 'n_estimators': 100}",0.8809523809523809,0.9523809523809523,0.9282296650717703,0.9234449760765551,0.937799043062201,0.9245614035087719,0.023939974109542975,145,0.9115890083632019,0.9522102747909199,0.9212410501193318,0.9105011933174224,0.9618138424821002,0.9314710738145953,0.02140319540176634
167,0.4136258602142334,0.011588103132534134,0.019119739532470703,0.002321395745595376,20,4,2,150,"{'max_depth': 20, 'min_samples_leaf': 4, 'min_samples_split': 2, 'n_estimators': 150}",0.9142857142857143,0.9619047619047619,0.9425837320574163,0.9090909090909091,0.937799043062201,0.9331328320802005,0.019350167396276586,121,0.929510155316607,0.954599761051374,0.9212410501193318,0.905727923627685,0.9618138424821002,0.9345785465194197,0.020873649505333453
168,0.6273352146148682,0.07870144541663858,0.029775476455688475,0.003469032633415295,20,4,2,200,"{'max_depth': 20, 'min_samples_leaf': 4, 'min_samples_split': 2, 'n_estimators': 200}",0.8904761904761904,0.9523809523809523,0.9521531100478469,0.9234449760765551,0.9090909090909091,0.9255092276144907,0.024220330599453645,141,0.9115890083632019,0.9414575866188769,0.9439140811455847,0.9009546539379475,0.9463007159904535,0.9288432092112128,0.018796261348076305
169,0.8308715343475341,0.03374460431874204,0.03148860931396484,0.0040033331673426835,20,4,2,250,"{'max_depth': 20, 'min_samples_leaf': 4, 'min_samples_split': 2, 'n_estimators': 250}",0.8904761904761904,0.9571428571428572,0.9569377990430622,0.9234449760765551,0.9425837320574163,0.9341171109592162,0.025064224976302882,117,0.9163679808841099,0.9498207885304659,0.9486873508353222,0.9045346062052506,0.9630071599045346,0.9364835772719365,0.022161623132194844
170,0.17332758903503417,0.008299236948317587,0.011853313446044922,0.0011033014085048338,20,4,5,50,"{'max_depth': 20, 'min_samples_leaf': 4, 'min_samples_split': 5, 'n_estimators': 50}",0.8857142857142857,0.9666666666666667,0.9282296650717703,0.9234449760765551,0.9138755980861244,0.9235862383230804,0.026100137936317488,153,0.9044205495818399,0.951015531660693,0.9260143198090692,0.9307875894988067,0.9427207637231504,0.9309917508547118,0.01593340377565834
171,0.28551363945007324,0.020802543369610342,0.013981914520263672,0.001755452218076642,20,4,5,100,"{'max_depth': 20, 'min_samples_leaf': 4, 'min_samples_split': 5, 'n_estimators': 100}",0.8809523809523809,0.9523809523809523,0.9282296650717703,0.9234449760765551,0.937799043062201,0.9245614035087719,0.023939974109542975,145,0.9115890083632019,0.9522102747909199,0.9212410501193318,0.9105011933174224,0.9618138424821002,0.9314710738145953,0.02140319540176634
172,0.3797731876373291,0.007617510582680403,0.017851495742797853,0.0014625369848424781,20,4,5,150,"{'max_depth': 20, 'min_samples_leaf': 4, 'min_samples_split': 5, 'n_estimators': 150}",0.9142857142857143,0.9619047619047619,0.9425837320574163,0.9090909090909091,0.937799043062201,0.9331328320802005,0.019350167396276586,121,0.929510155316607,0.954599761051374,0.9212410501193318,0.905727923627685,0.9618138424821002,0.9345785465194197,0.020873649505333453
173,0.49692397117614745,0.010858587441705888,0.020489597320556642,0.001103991000118043,20,4,5,200,"{'max_depth': 20, 'min_samples_leaf': 4, 'min_samples_split': 5, 'n_estimators': 200}",0.8904761904761904,0.9523809523809523,0.9521531100478469,0.9234449760765551,0.9090909090909091,0.9255092276144907,0.024220330599453645,141,0.9115890083632019,0.9414575866188769,0.9439140811455847,0.9009546539379475,0.9463007159904535,0.9288432092112128,0.018796261348076305
174,0.7421878337860107,0.10285537039516925,0.03911213874816895,0.010714278408507177,20,4,5,250,"{'max_depth': 20, 'min_samples_leaf': 4, 'min_samples_split': 5, 'n_estimators': 250}",0.8904761904761904,0.9571428571428572,0.9569377990430622,0.9234449760765551,0.9425837320574163,0.9341171109592162,0.025064224976302882,117,0.9163679808841099,0.9498207885304659,0.9486873508353222,0.9045346062052506,0.9630071599045346,0.9364835772719365,0.022161623132194844
175,0.18598127365112305,0.004970696509165462,0.01492900848388672,0.002276450394889623,20,4,10,50,"{'max_depth': 20, 'min_samples_leaf': 4, 'min_samples_split': 10, 'n_estimators': 50}",0.8857142857142857,0.9714285714285714,0.937799043062201,0.9234449760765551,0.9043062200956937,0.9245386192754614,0.02929976573425217,149,0.9091995221027479,0.956989247311828,0.9284009546539379,0.9200477326968973,0.9391408114558473,0.9307556536442517,0.016391359270208506
176,0.3798826217651367,0.016091283829774664,0.023410606384277343,0.010408105342037727,20,4,10,100,"{'max_depth': 20, 'min_samples_leaf': 4, 'min_samples_split': 10, 'n_estimators': 100}",0.8714285714285714,0.9619047619047619,0.937799043062201,0.9186602870813397,0.9282296650717703,0.9236044657097289,0.029787782832326217,151,0.9080047789725209,0.955794504181601,0.9284009546539379,0.9021479713603818,0.9582338902147971,0.9305164198766477,0.023337770881553338
177,0.54515700340271,0.04441676265518151,0.022957801818847656,0.0024560162808638978,20,4,10,150,"{'max_depth': 20, 'min_samples_leaf': 4, 'min_samples_split': 10, 'n_estimators': 150}",0.9142857142857143,0.9666666666666667,0.9473684210526315,0.9138755980861244,0.9186602870813397,0.9321713374344954,0.02125115133211265,128,0.9342891278375149,0.961768219832736,0.9295942720763724,0.9045346062052506,0.9582338902147971,0.9376840232333341,0.02087198503557519
178,0.7254664897918701,0.024740301944517405,0.02910141944885254,0.0062710787219271875,20,4,10,200,"{'max_depth': 20, 'min_samples_leaf': 4, 'min_samples_split': 10, 'n_estimators': 200}",0.8904761904761904,0.9666666666666667,0.9569377990430622,0.9138755980861244,0.9090909090909091,0.9274094326725907,0.029311609322378897,138,0.9139784946236559,0.948626045400239,0.9463007159904535,0.9021479713603818,0.9439140811455847,0.930993461704063,0.019150633755874728
179,0.856777572631836,0.039324489093529875,0.03464727401733399,0.00646190449748045,20,4,10,250,"{'max_depth': 20, 'min_samples_leaf': 4, 'min_samples_split': 10, 'n_estimators': 250}",0.8952380952380953,0.9619047619047619,0.9617224880382775,0.9234449760765551,0.9138755980861244,0.9312371838687629,0.026562875063913693,132,0.9139784946236559,0.9522102747909199,0.951073985680191,0.8997613365155132,0.9570405727923628,0.9348129328805286,0.023340289393947257
